MSE,fitness
0.4118507,0.3096107
0.27884254,0.23548415
0.32060352,0.28788295
