MSE,fitness
0.19625403,0.14540502
0.20318234,0.1466404
0.20008942,0.1601571
