MSE,fitness
0.13715187,0.077077
0.13695574,0.078761764
0.13842882,0.07946581
