MSE,fitness
0.1131585,0.051233362
0.11082551,0.052324127
0.119559914,0.053755987
0.12596205,0.057199076
0.12332497,0.05961144
0.12197274,0.060150128
0.12115867,0.06307167
0.122655764,0.06367878
0.11740984,0.068323284
0.12841311,0.0686083
MSE,fitness
0.1131585,0.051233362
0.11082551,0.052324127
0.119559914,0.053755987
0.12596205,0.057199076
0.12332497,0.05961144
0.12197274,0.060150128
0.12115867,0.06307167
0.122655764,0.06367878
0.11740984,0.068323284
0.12841311,0.0686083
