MSE,fitness
0.108866386,0.06995462
0.10172091,0.071478315
0.10113329,0.07282197
0.103550225,0.07458232
0.10181005,0.07482684
