MSE,fitness
0.13643257,0.068180755
0.13528083,0.07163594
0.13544023,0.07200552
0.13397057,0.07234165
0.15555532,0.07350939
