MSE,fitness
0.10172091,0.071478315
0.10113329,0.07282197
0.10181005,0.07482684
0.12984182,0.07676296
0.10422017,0.07702386
