MSE,fitness
0.24246529,0.1829426
0.2689563,0.18892547
0.3469408,0.28988987
