MSE,fitness
0.13337262,0.07693092
0.15985696,0.082957655
0.17809159,0.09846125
