MSE,fitness
0.1272483,0.06650414
0.12059726,0.067025796
0.123170435,0.068181455
0.12448697,0.06911359
0.124283604,0.069908425
