MSE,fitness
0.11393018,0.066596776
0.11095928,0.07057942
0.116706885,0.071937926
0.11929566,0.07521458
0.13165045,0.07982783
