MSE,fitness
0.10113329,0.07282197
0.10181005,0.07482684
0.10422017,0.07702386
0.107011706,0.08033634
0.17011835,0.08149805
