MSE,fitness
1.1484649,1.3432931
0.21216959,0.19379559
0.5281888,0.5371238
