MSE,fitness
0.10113329,0.07282197
0.11172756,0.085653834
0.11613502,0.101785846
0.12649982,0.104164205
0.12893355,0.10775946
