MSE,fitness
0.13723867,0.08988688
0.21694966,0.1489582
0.24175763,0.16788036
