MSE,fitness
0.19533464,0.10678097
0.19062166,0.11926694
0.19760342,0.1246646
