MSE,fitness
0.19533464,0.10678097
0.19760342,0.1246646
0.20009302,0.14389028
