MSE,fitness
0.12715746,0.07214713
0.12312671,0.07247512
0.12611836,0.07276041
