MSE,fitness
0.15571769,0.12215024
0.20425156,0.17058717
0.21216959,0.19379559
