MSE,fitness
0.10113329,0.07282197
0.12649982,0.104164205
0.12893355,0.10775946
0.12447894,0.10805482
0.12261508,0.11795815
