MSE,fitness
0.15861027,0.0978685
0.15573163,0.12169784
0.17977458,0.1468161
