MSE,fitness
0.12029425,0.06667352
0.119645186,0.06677387
0.12396817,0.06696714
0.120695606,0.06760952
0.13310647,0.06875127
