MSE,fitness
0.121778086,0.072595365
0.19795567,0.14460577
0.19625403,0.14540502
