MSE,fitness
0.13723867,0.08988688
0.13566458,0.115118355
0.21694966,0.1489582
