MSE,fitness
0.12231205,0.08015024
0.12431096,0.08247962
0.121111095,0.08486307
