MSE,fitness
0.13815844,0.10469058
0.14256403,0.10683974
0.14487925,0.11098273
