MSE,fitness
0.13511129,0.09200276
0.13963528,0.100074634
0.14209126,0.102953315
