MSE,fitness
0.116706885,0.071937926
0.12238383,0.08157223
0.1568195,0.1038562
0.13924156,0.082459696
0.13165045,0.07982783
