MSE,fitness
0.20318234,0.1466404
0.20008942,0.1601571
0.20114987,0.1608533
