MSE,fitness
0.1462329,0.08427176
0.21437801,0.14414811
0.20738891,0.14577585
