MSE,fitness
0.12611836,0.07276041
0.12622903,0.07735857
0.12917034,0.08301327
