MSE,fitness
0.22956881,0.20238581
0.27685836,0.2337454
0.30315274,0.23521301
