MSE,fitness
0.11527008,0.06566274
0.11393018,0.066596776
0.11279549,0.06814048
0.11581043,0.069401965
0.11095928,0.07057942
