MSE,fitness
0.17744032,0.18250689
0.22729895,0.19992527
0.15472154,0.12523945
0.12447894,0.10805482
0.10113329,0.07282197
