MSE,fitness
0.29520535,0.21533118
0.42554906,0.36500043
0.20720312,0.12622981
