MSE,fitness
0.25249898,0.18406117
0.22009861,0.18417281
0.25754339,0.19173136
