MSE,fitness
0.121111095,0.08486307
0.126506,0.102868095
0.12680428,0.10353795
