MSE,fitness
0.13525091,0.08073265
0.12983452,0.13068864
0.124812394,0.13225052
