MSE,fitness
0.14576496,0.1154437
0.14256403,0.10683974
0.19874491,0.16492154
