MSE,fitness
0.121778086,0.072595365
0.16765195,0.118858404
0.19795567,0.14460577
