MSE,fitness
0.15097675,0.09380994
0.17306527,0.12929358
0.18834563,0.13598263
