MSE,fitness
0.13338642,0.0658958
0.12619261,0.06745852
0.134649,0.07172845
0.13470988,0.0729351
0.12780797,0.07293935
