MSE,fitness
0.15573163,0.12169784
0.17977458,0.1468161
0.22028513,0.1794749
