MSE,fitness
0.124459065,0.06555976
0.12400325,0.06565762
0.12314748,0.06623483
0.12762798,0.06795079
0.12070152,0.07469885
