MSE,fitness
0.14087275,0.06603774
0.13636863,0.066218644
0.13704386,0.06642813
0.14121011,0.066452764
0.12676497,0.06648499
