MSE,fitness
0.13384913,0.0648799
0.12676853,0.066304676
0.12969843,0.066384524
0.12478008,0.06697237
0.13567853,0.06736046
