MSE,fitness
0.10949045,0.05023051
0.1131585,0.051233362
0.11082551,0.052324127
0.119559914,0.053755987
0.10196577,0.05498754
0.12754941,0.05565821
0.11634189,0.055903208
0.108469255,0.056887105
0.12596205,0.057199076
0.12024262,0.05762606
