MSE,fitness
0.13766196,0.083681785
0.13511129,0.09200276
0.1292891,0.09625342
