MSE,fitness
0.12969843,0.066384524
0.12478008,0.06697237
0.12312108,0.06862729
0.12809974,0.07305995
0.12484709,0.07476321
