MSE,fitness
0.14196219,0.09404629
0.13928474,0.09942233
0.1359678,0.099696755
