MSE,fitness
0.14636996,0.07631874
0.13337262,0.07693092
0.15985696,0.082957655
