MSE,fitness
0.12875758,0.07572643
0.124315105,0.0842975
0.12478008,0.06697237
0.12484709,0.07476321
0.12312108,0.06862729
