MSE,fitness
0.123170435,0.068181455
0.12448697,0.06911359
0.120109774,0.07066863
0.1244369,0.07084636
0.11800584,0.070900865
