MSE,fitness
0.119645186,0.06677387
0.120695606,0.06760952
0.114614345,0.069932885
0.115332074,0.070544265
0.11617233,0.07102869
