MSE,fitness
0.15555532,0.07350939
0.14259088,0.07643407
0.13655531,0.07831972
0.1377466,0.07923628
0.15317361,0.086698964
