MSE,fitness
0.18090282,0.11238711
0.21235561,0.1512794
0.14259088,0.07643407
0.284122,0.20848803
0.13655531,0.07831972
