MSE,fitness
0.15389656,0.111884385
0.13715187,0.077077
0.16540551,0.118271306
