MSE,fitness
0.27685836,0.2337454
0.30315274,0.23521301
0.27884254,0.23548415
