MSE,fitness
0.11527008,0.06566274
0.11443497,0.06647089
0.11393018,0.066596776
0.123167045,0.06697126
0.11946905,0.067041144
