MSE,fitness
0.15573163,0.12169784
0.22028513,0.1794749
0.21465187,0.1798869
