MSE,fitness
0.21571417,0.11925639
0.15571769,0.12215024
0.17151254,0.12224993
