MSE,fitness
0.12668602,0.07421028
0.14271702,0.092149906
0.12619261,0.06745852
0.12780797,0.07293935
0.15754049,0.103396855
