MSE,fitness
0.15105952,0.07665561
0.13715187,0.077077
0.13695574,0.078761764
