MSE,fitness
0.17571823,0.10357851
0.19533464,0.10678097
0.19062166,0.11926694
