MSE,fitness
0.14196219,0.09404629
0.1359678,0.099696755
0.14640473,0.10184314
