MSE,fitness
0.39817384,0.34756672
0.21738552,0.17478277
0.124812394,0.13225052
