MSE,fitness
0.11660684,0.07134825
0.11725077,0.0722076
0.12852591,0.07871032
0.1258718,0.0819841
0.11800584,0.070900865
