MSE,fitness
0.20590319,0.105503745
0.24246529,0.1829426
0.2689563,0.18892547
