MSE,fitness
0.14196219,0.09404629
0.14640473,0.10184314
0.16007523,0.10577005
