MSE,fitness
0.15468693,0.071434624
0.1401153,0.075759895
0.13912405,0.07867672
