MSE,fitness
0.15097675,0.09380994
0.18800798,0.14005046
0.23438007,0.1991648
