MSE,fitness
0.20590319,0.105503745
0.166872,0.140251
0.2086315,0.16883127
