MSE,fitness
0.20738891,0.14577585
0.20499268,0.14609337
0.20318234,0.1466404
