MSE,fitness
0.13723867,0.08988688
0.24175763,0.16788036
0.24745733,0.17686318
