MSE,fitness
0.25626355,0.17831483
0.126506,0.102868095
0.13478518,0.11202168
