MSE,fitness
0.15468693,0.071434624
0.1401153,0.075759895
0.14104766,0.076095216
