MSE,fitness
0.13559149,0.087228484
0.12762798,0.06795079
0.13149981,0.07767293
0.14099494,0.07649817
0.12070152,0.07469885
