MSE,fitness
0.13963528,0.100074634
0.1674134,0.1418134
0.17816329,0.14788164
