MSE,fitness
0.13337262,0.07693092
0.17612885,0.10299581
0.19793314,0.119229406
