MSE,fitness
0.18800798,0.14005046
0.30471978,0.2683079
0.25174218,0.21868302
