MSE,fitness
0.12622903,0.07735857
0.12917034,0.08301327
0.13443287,0.086942606
