MSE,fitness
0.12819776,0.08751995
0.13215409,0.09170938
0.12730591,0.09300946
