MSE,fitness
0.21571417,0.11925639
0.15571769,0.12215024
0.20425156,0.17058717
