MSE,fitness
0.13528083,0.07163594
0.13397057,0.07234165
0.15555532,0.07350939
0.14259088,0.07643407
0.12975107,0.07698443
