MSE,fitness
0.13215409,0.09170938
0.12904216,0.09662083
0.14311586,0.100633
