MSE,fitness
0.12539047,0.064559884
0.12995319,0.0649135
0.12951162,0.065341756
0.1275687,0.065377355
0.13338642,0.0658958
