MSE,fitness
0.1244369,0.07084636
0.11800584,0.070900865
0.11660684,0.07134825
0.11725077,0.0722076
0.1252903,0.07221473
