MSE,fitness
0.15573163,0.12169784
0.22028513,0.1794749
0.22264922,0.18228994
