MSE,fitness
0.17276251,0.08596079
0.1773615,0.10041307
0.17571823,0.10357851
