MSE,fitness
0.14087275,0.06603774
0.13728853,0.06662775
0.13704386,0.06642813
0.15044077,0.07475818
0.14116685,0.067230746
