MSE,fitness
0.17036355,0.13926174
0.2066495,0.15873677
0.21502182,0.16073522
