MSE,fitness
0.15468693,0.071434624
0.14376377,0.07154538
0.1401153,0.075759895
