MSE,fitness
0.21502182,0.16073522
0.22627237,0.190497
0.22956881,0.20238581
