MSE,fitness
0.1462329,0.08427176
0.16429897,0.10123031
0.18887313,0.13770317
