MSE,fitness
0.121111095,0.08486307
0.13554697,0.08734705
0.13149329,0.08856534
