MSE,fitness
0.13715187,0.077077
0.132335,0.0837916
0.14403836,0.10191826
