MSE,fitness
0.12740865,0.07627972
0.12231205,0.08015024
0.12431096,0.08247962
