MSE,fitness
0.12059726,0.067025796
0.123170435,0.068181455
0.12448697,0.06911359
0.1213664,0.07047551
0.120109774,0.07066863
