MSE,fitness
0.21275632,0.15199512
0.19760342,0.1246646
0.2150298,0.16276862
