MSE,fitness
0.17036355,0.13926174
0.17872116,0.14807352
0.20280488,0.15164912
