MSE,fitness
0.13092043,0.089922376
0.11430647,0.107468255
0.19499046,0.15483655
