MSE,fitness
0.104394145,0.080768295
0.1268558,0.086559534
0.11209545,0.08730164
