MSE,fitness
0.121778086,0.072595365
0.1814027,0.106847875
0.16765195,0.118858404
