MSE,fitness
0.15573163,0.12169784
0.22264922,0.18228994
0.31890178,0.28237674
