MSE,fitness
0.13525091,0.08073265
0.10589465,0.110015124
0.11552852,0.12313316
