MSE,fitness
0.121741064,0.06494423
0.12310622,0.065061055
0.124459065,0.06555976
0.12400325,0.06565762
0.12194162,0.065663606
