MSE,fitness
0.16137075,0.10265258
0.14914079,0.103669055
0.21571417,0.11925639
