MSE,fitness
0.114174195,0.072406314
0.119645186,0.06677387
0.115332074,0.070544265
0.11460766,0.071044944
0.114614345,0.069932885
