MSE,fitness
0.14087275,0.06603774
0.13704386,0.06642813
0.14121011,0.066452764
0.12982184,0.066487834
0.13728853,0.06662775
