MSE,fitness
0.21437801,0.14414811
0.20738891,0.14577585
0.20499268,0.14609337
